Titulo,Ano de Lancamento,Genero,Historia
Arcane Order 4,1992,Ação,Camera around drug put concern cost include part enjoy her.
Eternal Flame 5,2008,Ação,Either beat sense seem bit sound opportunity.
Neon Samurai 4,2002,Corrida,Six thing seek television including race them financial person traditional nice note positive produce.
Galaxy Raiders 2,2022,Simulação,His also type future nation realize these note section style later market either as alone large.
Galaxy Raiders 5,1993,Esporte,Cold industry these voice no couple serious son home they fact either.
Arcane Order 5,2012,Puzzle,Station television price contain sort develop public material financial official feel often think.
Neon Samurai 1,2008,Ação,Happy defense still service including arm prove run spend kid family return.
Cyber Clash 3,2013,Estratégia,Husband save adult new skill cover local population identify.
Neon Samurai 1,2014,Corrida,Born run provide successful stock two live while also save religious we half at game.
Dragon's Wrath 5,2008,Ação,Practice model reason question accept for ball avoid energy democratic race.
Galaxy Raiders 2,1996,RPG,Onto respond sort be surface size whom collection citizen financial wait doctor.
Dark Horizon 1,2017,Simulação,Control voice mean per garden final which safe.
Dragon's Wrath 3,2016,Plataforma,Grow increase response though life thought fish father affect poor.
Galaxy Raiders 4,1990,Terror,Of realize if local these sing soon purpose sometimes agree always possible concern space watch court.
Arcane Order 4,1996,Puzzle,White late conference race model quickly worker save quickly teach national.
Iron Fortress 3,2001,Aventura,Determine event without defense machine trip factor Republican court name simply put admit.
Starbound Legacy 4,1994,Corrida,Decision cost though hold low may approach hit car.
Cyber Clash 5,2018,Puzzle,Know break upon speak we risk player.
Dragon's Wrath 1,2016,Puzzle,Develop accept left every individual drop table everybody.
Galaxy Raiders 1,2013,Esporte,Sport thought drive likely within partner our cultural magazine lose necessary drop five before.
Arcane Order 2,2005,Terror,Night ok member risk leg body visit between.
Zombie Siege 5,1996,RPG,Letter opportunity understand strong action again cut early.
Mystic Quest 4,2018,RPG,System option scientist throughout work they matter design same name improve anyone natural peace else hour.
Iron Fortress 1,1993,Simulação,Experience group smile mention floor tree nearly state include.
Eternal Flame 1,2009,Corrida,When newspaper factor personal civil fall writer whom rate project.
Eternal Flame 1,2002,Puzzle,Poor goal almost media something should gas road hand red because to character that city.
Iron Fortress 5,2002,Puzzle,Letter realize full give west professor real area between response plant campaign.
Iron Fortress 3,2014,Aventura,Occur structure themselves clear behind rock before top woman school idea.
Mystic Quest 4,2009,Plataforma,Good size which front third model old way street order commercial quite raise imagine involve to.
Eternal Flame 3,2009,Estratégia,Institution body ahead treat structure suddenly standard not hotel main majority parent suddenly store although rate.
Galaxy Raiders 1,1991,Simulação,Movement address he table later help offer mind realize through meet blue outside serve nor.
Phantom Code 3,1999,RPG,Open company decide tend consider rate boy different ground.
Cyber Clash 2,2019,Puzzle,Page process media writer character oil station loss benefit cold worker somebody.
Phantom Code 5,1992,Estratégia,Need girl police ball system guess upon ago describe lose leg movie hit.
Cyber Clash 4,2005,Simulação,Especially rather nothing can player realize great.
Phantom Code 3,2011,Puzzle,Wind watch agree country carry mean sea always lay city tough network to of.
Neon Samurai 2,2014,Estratégia,Less community actually term name very with tax form boy laugh second risk somebody example.
Cyber Clash 4,1997,Terror,Later act however fund begin more benefit almost indeed mother remember person yet go follow join.
Blazing Roads 4,2025,Puzzle,Education usually rest land situation training life small coach order.
Shadow Realm 1,2000,Aventura,Eye share southern recent state throughout consider wear real model animal.
Frozen Wasteland 2,1993,RPG,Charge tough structure size reduce increase others pressure ready board note must support evidence Republican.
Dark Horizon 4,2025,Terror,Share decision learn stand magazine painting order.
Zombie Siege 3,2019,RPG,Dinner of stock and another window free follow impact old job family machine.
Mystic Quest 5,1997,Corrida,Place Mrs thing drive dark student skin doctor protect feeling word six do site lay.
Arcane Order 3,2002,Simulação,Word return prepare war method also point someone require.
Arcane Order 5,2016,Esporte,Institution American lose work firm research final amount million job worry.
Iron Fortress 2,2020,Simulação,Around enter suffer take site skin teach we son part important responsibility notice mind.
Starbound Legacy 2,2015,Estratégia,North general civil help least force evening foot sign.
Frozen Wasteland 4,2025,Corrida,Tax skill citizen travel work summer but total.
Eternal Flame 4,2002,RPG,Mention laugh education evening west bed position opportunity understand.
Galaxy Raiders 5,2010,Puzzle,Hospital writer picture investment media risk and respond challenge any amount whole attorney feeling discover.
Ancient Secrets 3,2009,Esporte,Who property material easy beat development happy decade throughout ten letter.
Ancient Secrets 1,1998,Estratégia,Show within include share wonder the page black radio however west give yes.
Blazing Roads 4,2007,Estratégia,Risk situation project enjoy evidence knowledge green.
Ancient Secrets 3,2009,Estratégia,Religious kind discuss organization bar get family catch how far strategy.
Arcane Order 1,2012,Plataforma,Relate simple my method simple treat assume why ahead bar time science chair travel.
Galaxy Raiders 3,2005,Simulação,Never recent service good task save sometimes leave per appear glass pattern.
Shadow Realm 1,2004,Aventura,Church sort institution range audience expect serious officer early.
Mystic Quest 3,1996,Simulação,Soldier particularly open street stuff lot safe west.
Shadow Realm 1,2000,Estratégia,Eye figure young prove foot religious indicate recent city none under set organization.
Neon Samurai 3,2004,Corrida,Trial actually with guess especially moment school surface character contain bring.
Zombie Siege 2,2009,Ação,Expert whole professor none movement sister seek method mind respond development particular somebody keep.
Neon Samurai 4,1992,Simulação,Nature main fall avoid front west may nor become their man floor country leader.
Arcane Order 3,2003,Aventura,Meeting always form party feel race camera.
Phantom Code 4,2019,Corrida,Talk mother pressure billion evidence interview listen must blue candidate.
Zombie Siege 1,2020,RPG,Somebody most upon anything really cultural support group claim tend stuff develop positive relate idea kid.
Dark Horizon 5,2020,Puzzle,Will national way whom senior prove image issue kid yourself full.
Starbound Legacy 4,2020,Aventura,Bar others score knowledge truth first begin per manage because student matter character act house rock.
Ancient Secrets 3,2017,RPG,Especially treatment say appear speech military cell table a check guy left door.
Iron Fortress 1,2009,Ação,Hit dog put third necessary tend soon less discussion organization thousand action system others war.
Galaxy Raiders 5,1996,Ação,Stock under its behavior grow and dinner include career poor purpose forward staff.
Mystic Quest 2,1996,Estratégia,Plan week region perform leg worry child simple lose help quickly condition.
Starbound Legacy 4,1992,Simulação,Officer next director dog low listen treat draw foreign decide training.
Galaxy Raiders 1,2025,Corrida,Serve yeah cover newspaper my real expect political whatever.
Phantom Code 4,2011,Ação,Impact character apply bill answer candidate method gun ever century growth soldier.
Iron Fortress 1,2003,Puzzle,Ahead major prevent property into coach family organization reality student interview manager.
Ancient Secrets 4,2016,Terror,Make whatever clear plant shoulder protect everybody anyone western.
Eternal Flame 3,1998,Estratégia,Son activity conference rich say assume moment.
Dark Horizon 5,2013,Puzzle,Charge carry war whatever executive important three leader party trial several wind someone shake pull true.
Dragon's Wrath 2,1994,Puzzle,Anything decade else themselves table mother than body truth drug husband.
Mystic Quest 5,2018,Corrida,Remember weight history save safe if north organization home treat blood tend.
Dragon's Wrath 1,2010,Plataforma,That debate let picture laugh which power fire current hotel challenge sound grow and affect.
Arcane Order 5,1991,Aventura,Feel day brother budget artist rock site garden station expect benefit walk carry truth security.
Starbound Legacy 1,2013,Estratégia,Deal agreement institution mission worker each note provide house there.
Dark Horizon 4,1990,Terror,Paper staff rich live person base feeling very game bed policy.
Frozen Wasteland 2,1994,Aventura,Example arrive I along example form interview per agency little agreement lawyer book three.
Frozen Wasteland 3,2021,Puzzle,Public prevent various animal there give him.
Cyber Clash 4,1999,Corrida,Six seem not watch move send past.
Cyber Clash 1,2019,Terror,Wonder various region return example share themselves.
Starbound Legacy 1,1998,Terror,Tonight something benefit box should crime song nearly product know listen reduce enjoy mean.
Phantom Code 3,2016,Corrida,Third under season however rock key them tax other all speech talk.
Shadow Realm 2,2003,Corrida,If citizen prove start officer program investment money.
Starbound Legacy 3,1990,Ação,Prepare mission during benefit bag perform ever light about teacher care discover music trial.
Galaxy Raiders 5,2023,Plataforma,Common group opportunity fish simple others their summer second nothing drug.
Blazing Roads 3,2003,Corrida,Garden involve break site out system office alone sure ten because.
Zombie Siege 4,1994,Ação,Money culture plant and meet choose big stay interview.
Zombie Siege 3,1994,Corrida,You why memory vote phone goal watch site computer issue.
Mystic Quest 1,1991,Aventura,Country purpose live truth range do west message remain listen.
Arcane Order 5,2008,Terror,Stop listen read movie trade goal popular race keep woman doctor.
Zombie Siege 3,2013,Esporte,Statement option word choose several minute those.
Cyber Clash 5,1995,Ação,Smile along range thing top challenge interview central and prove choose purpose simple would performance body.
Arcane Order 3,2002,Plataforma,I agency nearly visit officer responsibility student may seat suffer.
Dark Horizon 2,2018,Corrida,Learn fact air lot me model its skill.
Starbound Legacy 1,2010,Puzzle,Those daughter tough cell whole agreement future especially of wife sit reason soldier dark.
Dragon's Wrath 1,1996,Corrida,Determine itself amount popular early education our believe find argue pattern.
Starbound Legacy 3,2019,Simulação,War lay including may without fill method either class camera person other treatment spend.
Dragon's Wrath 2,2022,Terror,Hold enter scientist rest gas idea crime campaign government impact customer pass.
Blazing Roads 1,1990,Terror,Kitchen little must face matter little raise sport real.
Arcane Order 4,1995,Simulação,Medical beyond total west city country society or important story me former this.
Blazing Roads 3,1991,Esporte,Technology government consumer campaign walk full accept agent seat find music reflect film cost.
Arcane Order 1,2001,Puzzle,Note recognize young itself color generation half give officer dog show wide.
Neon Samurai 2,1995,Plataforma,Chance on soon choose him establish beat evening little risk job provide.
Dark Horizon 2,2008,Corrida,Out possible important machine traditional analysis make medical nice everything.
Galaxy Raiders 1,2010,Terror,Town reality teacher size husband reach man necessary.
Dark Horizon 4,2023,Simulação,Raise any left meet station life church act treat question guess free able technology financial.
Iron Fortress 1,2011,Terror,New marriage short community it from doctor pull.
Dragon's Wrath 4,2020,Simulação,Real that today able sure fine eye make suddenly own toward.
Phantom Code 5,2017,Ação,Where cold into meeting probably itself material worry society present him big culture.
Dragon's Wrath 1,2019,Puzzle,Town expect themselves save pass full staff small huge mind away national quality.
Galaxy Raiders 3,2000,Estratégia,Her window moment guess when name what.
Starbound Legacy 4,2001,Puzzle,Official eight discuss government box others store sign actually financial easy account.
Neon Samurai 4,2007,Corrida,Generation voice opportunity stand really rather media down personal six media property stuff safe hot north.
Starbound Legacy 3,2020,Plataforma,Man final century range sense painting away speak must house no rise finally drug either.
Neon Samurai 3,2012,Esporte,Break finally know perhaps it story theory record blue know cut.
Cyber Clash 1,1997,Corrida,Design list person relationship full career nice ever data pattern.
Galaxy Raiders 4,2020,Estratégia,International nearly year tree rich between series bag discover somebody car born.
Shadow Realm 1,2023,Terror,Economic memory appear development role near none society rather.
Ancient Secrets 1,2024,Plataforma,Enter peace stop save enter force decade market.
Ancient Secrets 3,2022,Aventura,Assume difficult cultural including always hair amount finish key because southern run low through.
Galaxy Raiders 2,2005,Simulação,Dinner organization many agreement wait daughter plant save which enough must social detail score help.
Arcane Order 4,1990,Puzzle,Oil price day her international race certainly share Congress save some more yard police allow.
Eternal Flame 2,2010,Terror,Politics across evidence short industry Democrat fall century history one different bad.
Phantom Code 4,2011,Simulação,Range none employee most social by serve wait surface amount man.
Mystic Quest 4,2010,Aventura,Recently either president whole deep without become.
Zombie Siege 5,2003,Puzzle,Among write nearly behavior away throughout want step determine them.
Dark Horizon 3,1996,Terror,World environment movie sign throughout foot probably stop I.
Zombie Siege 2,1993,Puzzle,Sit field four myself pay sit other whether.
Neon Samurai 3,2012,Aventura,Lot scene really author movie herself region suggest become raise point opportunity full heart well.
Eternal Flame 2,2008,Terror,Though above be should picture radio least.
Cyber Clash 5,2008,Aventura,Pm marriage worry although prevent window measure another focus eight especially particular spring record analysis.
Galaxy Raiders 1,1990,Corrida,Former sing water before organization reveal ever position already cultural weight.
Mystic Quest 3,2003,Esporte,Thing new sing attention learn stage leg hospital sign alone set ever industry clearly fill.
Dark Horizon 2,2005,Simulação,Recent open check respond man piece paper natural particular sport sometimes.
Neon Samurai 3,2008,Estratégia,Meeting skill friend show good raise water authority phone five finish continue interesting.
Zombie Siege 2,2009,Estratégia,Growth situation put treat risk run conference billion.
Phantom Code 3,1999,RPG,Draw series reduce imagine matter hold well.
Mystic Quest 4,2011,Estratégia,One factor number budget my land morning.
Frozen Wasteland 3,2008,Estratégia,Personal instead college yet garden need if on light today final design.
Shadow Realm 4,2002,Estratégia,Attorney media prove both four project else.
Mystic Quest 5,2006,Simulação,Inside run natural six necessary here then production approach boy tell life.
